[{"Title":"Malwarebytes","Link":"https://data-cdn.mbamupdates.com/web/mb4-setup-consumer/MBSetup.exe","Tag":"cMalwarebytes"},{"Title":"Anti-Exploit","Link":"https://kapetanos-metaforiki.gr:56888/antiexploit","Tag":"cAntiExploit"},{"Title":"IObit Software Updater","Link":"https://cdn.iobit.com/dl/iobit-software-updater-setup.exe","Tag":"cIObitSU"},{"Title":"IObit Uninstaller","Link":"https://cdn.iobit.com/dl/iobituninstaller.exe","Tag":"cIObitU"},{"Title":"IObit Smart Defrag","Link":"https://cdn.iobit.com/dl/smart-defrag-setup.exe","Tag":"cIObitSD"},{"Title":"IObit Driver Booster","Link":"https://cdn.iobit.com/dl/driver_booster_setup.exe","Tag":"cIObitDB"},{"Title":"F.lux","Link":"https://justgetflux.com/flux-setup.exe","Tag":"cFlux"},{"Title":"Rufus","Link":"https://github.com/pbatard/rufus/releases/download/v3.13/rufus-3.13p.exe","Tag":"cRufus"},{"Title":"Revo Uninstaller","Link":"https://e4f7a86dbc53eebfbfea-078fda5d95c4a9c9d30e9a10a302f1dc.ssl.cf1.rackcdn.com/revosetup.exe","Tag":"cRevo"},{"Title":"EA Origin","Link":"https://origin-a.akamaihd.net/Origin-Client-Download/origin/live/OriginThinSetup.exe","Tag":"cOrigin"},{"Title":"Epic Games","Link":"https://epicgames-download1.akamaized.net/Builds/UnrealEngineLauncher/Installers/Win32/EpicInstaller-10.19.2.msi?launcherfilename=EpicInstaller-10.19.2.msi","Tag":"cEpicStore"},{"Title":"Battle.net","Link":"https://eu.battle.net/download/getInstaller?os=win&installer=Battle.net-Setup.exe","Tag":"cBlizzard"},{"Title":"Uplay","Link":"https://ubistatic3-a.akamaihd.net/orbit/launcher_installer/UbisoftConnectInstaller.exe","Tag":"cUbi"},{"Title":"Steam","Link":"https://cdn.cloudflare.steamstatic.com/client/installer/SteamSetup.exe","Tag":"cSteam"},{"Title":"OneDrive","Link":"https://oneclient.sfx.ms/Win/Prod/21.002.0104.0005/OneDriveSetup.exe","Tag":"cOneDrive"},{"Title":"Postman","Link64":"https://dl.pstmn.io/download/latest/win64","Link":"https://dl.pstmn.io/download/latest/win32","Tag":"cPostman"},{"Title":"XAMPP","Link64":"https://downloadsapachefriends.global.ssl.fastly.net/8.0.2/xampp-windows-x64-8.0.2-0-VS16-installer.exe","Tag":"cXAMPP"},{"Title":"NodeJS","Link":"https://nodejs.org/dist/v14.15.5/node-v14.15.5-x64.msi","Tag":"cNode"},{"Title":"GitHub","Link64":"https://desktop.githubusercontent.com/releases/2.6.3-51b58c36/GitHubDesktopSetup.exe","Tag":"cGitHub"},{"Title":"WinSCP","Link":"https://kapetanos-metaforiki.gr:56888/winscp","Tag":"cWinScp"},{"Title":"FileZilla","Link64":"https://download.filezilla-project.org/client/FileZilla_3.52.2_win64-setup.exe","Link":"https://download.filezilla-project.org/client/FileZilla_3.52.2_win32-setup.exe","Tag":"cFileZilla"},{"Title":"Putty","Link64":"https://the.earth.li/~sgtatham/putty/latest/w64/putty-64bit-0.74-installer.msi","Link":"https://the.earth.li/~sgtatham/putty/latest/w32/putty-0.74-installer.msi","Tag":"cPutty"},{"Title":"BitTorrent","Link":"https://download-new.utorrent.com/endpoint/bittorrent/os/windows/track/stable/","Tag":"cBT"},{"Title":"uTorrent 2.2.1","Link":"https://kapetanos-metaforiki.gr:56888/utorrent2","Tag":"cUT2"},{"Title":"uTorrent 3.x","Link":"https://download-hr.utorrent.com/track/stable/endpoint/utorrent/os/windows","Tag":"cUT3"},{"Title":"Deluge","Link":"https://ftp.osuosl.org/pub/deluge/windows/deluge-1.3.15-win32-py2.7.exe","Tag":"cDeluge"},{"Title":"qBitTorrent","Link64":"https://jztkft.dl.sourceforge.net/project/qbittorrent/qbittorrent-win32/qbittorrent-4.3.3/qbittorrent_4.3.3_x64_setup.exe","Link":"https://deac-riga.dl.sourceforge.net/project/qbittorrent/qbittorrent-win32/qbittorrent-4.3.3/qbittorrent_4.3.3_setup.exe","Tag":"cQB"},{"Title":"Sublime Merge","Link64":"https://download.sublimetext.com/sublime_merge_build_2039_x64_setup.exe","Tag":"cSublimeMerge"},{"Title":"Android Studio","Link64":"https://r6---sn-vuxbavcx-5ui6.gvt1.com/edgedl/android/studio/install/4.1.2.0/android-studio-ide-201.7042882-windows.exe?cms_redirect=yes&mh=N5&mip=85.75.185.149&mm=28&mn=sn-vuxbavcx-5ui6&ms=nvh&mt=1613332358&mv=u&mvi=6&pcm2cms=yes&pl=16&shardbypass=yes","Tag":"cAndroidStudio"},{"Title":"Eclipse","Link64":"https://laotzu.ftp.acc.umu.se/mirror/eclipse.org/oomph/epp/2020-12/R/eclipse-inst-jre-win64.exe","Tag":"cEclipse"},{"Title":"Visual Studio","Link":"https://download.visualstudio.microsoft.com/download/pr/20130c62-1bc8-43d6-b4f0-c20bb7c79113/bee2ebedafcbaaf0d4fe61c9bd50b5884e0149e953cbe2abb6cb142e8c60d389/vs_Community.exe","Tag":"cVS"},{"Title":"Atom","Link64":"https://github.com/atom/atom/releases/download/v1.54.0/AtomSetup-x64.exe","Link":"https://github.com/atom/atom/releases/download/v1.54.0/AtomSetup.exe","Tag":"cAtom"},{"Title":"Visual Studio Code","Link64":"https://az764295.vo.msecnd.net/stable/622cb03f7e070a9670c94bae1a45d78d7181fbd4/VSCodeUserSetup-x64-1.53.2.exe","Link":"https://az764295.vo.msecnd.net/stable/622cb03f7e070a9670c94bae1a45d78d7181fbd4/VSCodeUserSetup-ia32-1.53.2.exe","Tag":"cVSCode"},{"Title":"Sublime Text","Link64":"https://download.sublimetext.com/Sublime%20Text%20Build%203211%20x64%20Setup.exe","Link":"https://download.sublimetext.com/Sublime%20Text%20Build%203211%20Setup.exe","Tag":"cSublimeText"},{"Title":"Evernote","Link":"https://cdn1.evernote.com/boron/win/builds/Evernote-10.8.4-win-ddl-ga-2349-setup.exe","Tag":"cEvernote"},{"Title":"Notepad++","Link":"https://github.com/notepad-plus-plus/notepad-plus-plus/releases/download/v7.9.3/npp.7.9.3.Installer.exe","Tag":"cNPP"},{"Title":"Mozilla Thunderbird","Link64":"https://download-installer.cdn.mozilla.net/pub/thunderbird/releases/78.7.1/win64/en-US/Thunderbird%20Setup%2078.7.1.exe","Link":"https://download-installer.cdn.mozilla.net/pub/thunderbird/releases/78.7.1/win32/en-US/Thunderbird%20Setup%2078.7.1.exe","Tag":"cThunderbird"},{"Title":"AnyDesk","Link":"https://download.anydesk.com/AnyDesk.exe","Tag":"cAnyDesk"},{"Title":"TeamViewer","Link":"https://download.teamviewer.com/download/TeamViewer_Setup.exe","Tag":"cTV"},{"Title":"Microsoft Teams","Link64":"https://statics.teams.cdn.office.net/production-windows-x64/1.3.00.32283/Teams_windows_x64.exe","Link":"https://statics.teams.cdn.office.net/production-windows/1.3.00.32283/Teams_windows.exe","Tag":"cMSTeams"},{"Title":"Google Zoom","Link":"https://zoom.us/client/latest/ZoomInstaller.exe","Tag":"cZoom"},{"Title":"Viber","Link":"https://download.cdn.viber.com/desktop/windows/ViberSetup.exe","Tag":"cViber"},{"Title":"Skype","Link":"https://download.skype.com/s4l/download/win/Skype-8.68.0.96.exe","Tag":"cSkype"},{"Title":"Discord","Link":"https://dl.discordapp.net/apps/win/0.0.309/DiscordSetup.exe","Tag":"cDiscord"},{"Title":"LibreOffice","Link64":"https://ftp.gwdg.de/pub/tdf/libreoffice/stable/7.0.4/win/x86_64/LibreOffice_7.0.4_Win_x64.msi","Link":"https://ftp.gwdg.de/pub/tdf/libreoffice/stable/7.0.4/win/x86/LibreOffice_7.0.4_Win_x86.msi","Tag":"cLibreOffice"},{"Title":"Adobe Reader","Link":"https://ardownload2.adobe.com/pub/adobe/reader/win/AcrobatDC/2001320074/AcroRdrDC2001320074_en_US.exe","Tag":"cAdobeReader"},{"Title":"Foxit Reader","Link":"https://cdn01.foxitsoftware.com/pub/foxit/reader/desktop/win/10.x/10.1/en_us/FoxitReader1011_Setup_Prom_IS.exe","Tag":"cFoxit"},{"Title":"SumatraPDF","Link64":"https://www.sumatrapdfreader.org/dl2/SumatraPDF-3.2-64-install.exe","Link":"https://www.sumatrapdfreader.org/dl2/SumatraPDF-3.2-install.exe","Tag":"cSumatra"},{"Title":"Gyazo","Link":"https://files.gyazo.com/setup/Gyazo-4.1.5.exe","Tag":"cGyazo"},{"Title":"Lightshot","Link":"https://app.prntscr.com/build/setup-lightshot.exe","Tag":"cLightShot"},{"Title":"Apple iTunes","Link64":"https://secure-appldnld.apple.com/itunes12/001-50023-20201019-A1CA6082-1239-11EB-990E-FA5946985FC9/iTunes64Setup.exe","Link":"https://secure-appldnld.apple.com/itunes12/001-50021-20201019-A1CAB6C2-1239-11EB-AE89-F95946985FC9/iTunesSetup.exe","Tag":"ciTunes"},{"Title":"MP3 Tag","Link":"https://kapetanos-metaforiki.gr:56888/mp3tag","Tag":"cMp3Tag"},{"Title":"Audacity","Link":"https://kapetanos-metaforiki.gr:56888/audacity","Tag":"cAudacity"},{"Title":"GIMP","Link":"https://download.gimp.org/mirror/pub/gimp/v2.10/windows/gimp-2.10.22-setup.exe","Tag":"cGIMP"},{"Title":"PhotoFiltre","Link":"http://static.infomaniak.ch/photofiltre/utils/pf7/pf7-setup-en-7.2.1.exe","Tag":"cPhotoFiltre"},{"Title":"IrfanView","Link":"http://www.storage.programosy.pl/iview457_setup.exe","Tag":"cIrfan"},{"Title":"BS.Player","Link":"http://download11.bsplayer.com/download/file/mirror1/bsplayer276.setup.exe","Tag":"cBS"},{"Title":"Blender","Link64":"https://ftp.nluug.nl/pub/graphics/blender/release/Blender2.91/blender-2.91.2-windows64.msi","Tag":"cBlender"},{"Title":"Winamp","Link":"https://download.nullsoft.com/winamp/misc/winamp58_3660_beta_full_en-us.exe","Tag":"cWinamp"},{"Title":"Spotify","Link":"https://download.scdn.co/SpotifySetup.exe","Tag":"cSpotify"},{"Title":"Foobar2000","Link":"https://www.foobar2000.org/files/foobar2000_v1.6.4.exe","Tag":"cFoobar"},{"Title":"PotPlayer","Link64":"https://t1.daumcdn.net/potplayer/PotPlayer/Version/Latest/PotPlayerSetup64.exe","Link":"https://t1.daumcdn.net/potplayer/PotPlayer/Version/Latest/PotPlayerSetup.exe","Tag":"cPot"},{"Title":"VLC Media Player","Link64":"https://get.videolan.org/vlc/3.0.12/win64/vlc-3.0.12-win64.exe","Link":"https://get.videolan.org/vlc/3.0.12/win32/vlc-3.0.12-win32.exe","Tag":"cVLC"},{"Title":"WinRAR","Link64":"https://www.win-rar.com/fileadmin/winrar-versions/winrar/winrar-x64-600.exe","Link":"https://www.win-rar.com/fileadmin/winrar-versions/winrar/wrar600.exe","Tag":"cWinRar"},{"Title":"PeaZip","Link64":"https://github.com/peazip/PeaZip/releases/download/7.7.1/peazip-7.7.1.WIN64.exe","Link":"https://github.com/peazip/PeaZip/releases/download/7.7.1/peazip-7.7.1.WINDOWS.exe","Tag":"cPeaZip"},{"Title":"Tor Browser","Link64":"https://dist.torproject.org/torbrowser/10.0.11/torbrowser-install-win64-10.0.11_en-US.exe","Link":"https://dist.torproject.org/torbrowser/10.0.11/torbrowser-install-10.0.11_en-US.exe","Tag":"cTor"},{"Title":"7-zip","Link64":"https://www.7-zip.org/a/7z1900-x64.exe","Link":"https://www.7-zip.org/a/7z1900.exe","Tag":"c7zip"},{"Title":"Maxthon","Link64":"https://dl.maxthon.com/mx6/maxthon_6.1.1.1000_x64.exe","Link":"https://dl.maxthon.com/mx6/maxthon_6.1.1.1000_x86.exe","Tag":"cMaxthon"},{"Title":"Opera","Link64":"https://download3.operacdn.com/pub/opera/desktop/74.0.3911.107/win/Opera_74.0.3911.107_Setup_x64.exe","Link":"https://download3.operacdn.com/pub/opera/desktop/74.0.3911.107/win/Opera_74.0.3911.107_Setup.exe","Tag":"cOpera"},{"Title":"Chromium","Link64":"https://github.com/Hibbiki/chromium-win64/releases/download/v88.0.4324.182-r827102/mini_installer.sync.exe","Link":"https://github.com/Hibbiki/chromium-win32/releases/download/v88.0.4324.182-r827102/mini_installer.sync.exe","Tag":"cChromium"},{"Title":"Google Chrome","Link64":"https://dl.google.com/tag/s/appguid%3D%7B8A69D345-D564-463C-AFF1-A69D9E530F96%7D%26iid%3D%7BCFA96F81-1B16-698D-9BE7-809FCBD80B2D%7D%26lang%3Den%26browser%3D3%26usagestats%3D1%26appname%3DGoogle%2520Chrome%26needsadmin%3Dprefers%26ap%3Dx64-stable-statsdef_1%26installdataindex%3Dempty/chrome/install/ChromeStandaloneSetup64.exe","Link":"https://dl.google.com/tag/s/appguid%3D%7B8A69D345-D564-463C-AFF1-A69D9E530F96%7D%26iid%3D%7BCFA96F81-1B16-698D-9BE7-809FCBD80B2D%7D%26lang%3Den%26browser%3D3%26usagestats%3D1%26appname%3DGoogle%2520Chrome%26needsadmin%3Dprefers%26ap%3Dstable-arch_x86-statsdef_1%26installdataindex%3Dempty/chrome/install/ChromeStandaloneSetup.exe","Tag":"cChrome"},{"Title":"Mozilla Firefox","Link64":"https://download-installer.cdn.mozilla.net/pub/firefox/releases/85.0.2/win64/en-US/Firefox%20Setup%2085.0.2.exe","Link":"https://download-installer.cdn.mozilla.net/pub/firefox/releases/85.0.2/win32/en-US/Firefox%20Setup%2085.0.2.exe","Tag":"cFirefox"},{"Title":"Vivaldi","Link64":"https://downloads.vivaldi.com/stable/Vivaldi.3.6.2165.36.x64.exe","Link":"https://downloads.vivaldi.com/stable/Vivaldi.3.6.2165.36.exe","Tag":"cVivaldi"},{"Title":"Universal USB Installer","Link":"https://www.pendrivelinux.com/downloads/Universal-USB-Installer/Universal-USB-Installer-2.0.0.0.exe","Tag":"cUUI"}]